{"scores": {"RHC": [10.0, 20.0, 40.0, 60.0, 80.0, 100.0], "SA": [10.0, 20.0, 40.0, 60.0, 80.0, 100.0], "MIMIC": [10.0, 20.0, 40.0, 60.0, 80.0, 100.0], "GA": [10.0, 20.0, 40.0, 60.0, 79.2, 96.5]}, "calls": {"RHC": [200001, 200001, 200001, 200001, 200001, 200001], "SA": [200001, 200001, 200001, 200001, 200001, 200001], "MIMIC": [200000, 200000, 200000, 200000, 200000, 200000], "GA": [200200, 200200, 200200, 200200, 200200, 200200]}, "time": {"RHC": [0.020399975776672363, 0.015200018882751465, 0.02070000171661377, 0.03059992790222168, 0.03539996147155762, 0.044700002670288085], "SA": [0.032299923896789554, 0.03390002250671387, 0.03839998245239258, 0.04739997386932373, 0.052500009536743164, 0.061100006103515625], "MIMIC": [0.1556999921798706, 0.3064999580383301, 0.7813999652862549, 1.3828999757766725, 2.1907999515533447, 3.2243000268936157], "GA": [0.057199954986572266, 0.054399943351745604, 0.06200003623962402, 0.0742999792098999, 0.08209998607635498, 0.09400000572204589]}}