{"scores": {"RHC": [9.0, 16.0, 35.0, 49.0, 64.0, 78.0], "SA": [9.0, 19.0, 39.0, 59.0, 79.0, 99.0], "MIMIC": [9.0, 19.0, 38.0, 59.0, 79.0, 99.0], "GA": [9.0, 18.0, 37.0, 58.0, 76.0, 96.0]}, "calls": {"RHC": [1500001, 1500001, 1500001, 1500001, 1500001, 1500001], "SA": [1500001, 1500001, 1500001, 1500001, 1500001, 1500001], "MIMIC": [1500000, 1500000, 1500000, 1500000, 1500000, 1500000], "GA": [1487679, 1487675, 1487623, 1487340, 1487475, 1487677]}, "time": {"RHC": [0.24300003051757812, 0.10300016403198242, 0.16299986839294434, 0.2519998550415039, 0.3209998607635498, 0.4119999408721924], "SA": [0.3020000457763672, 0.2349998950958252, 0.2849998474121094, 0.32000017166137695, 0.3660001754760742, 0.43400001525878906], "MIMIC": [2.2059998512268066, 5.371999979019165, 15.765000104904175, 30.7260000705719, 51.92199993133545, 82.69400000572205], "GA": [0.7790000438690186, 0.5520000457763672, 0.8020000457763672, 0.940000057220459, 1.11899995803833, 1.3429999351501465]}}