{"scores": {"RHC": [15.6, 21.7, 43.5, 65.3, 80.0, 100.0], "SA": [16.4, 37.0, 68.0, 91.8, 94.2, 135.6], "MIMIC": [18.0, 37.0, 75.0, 113.0, 151.0, 171.2], "GA": [18.0, 37.0, 75.0, 113.0, 136.4, 151.7]}, "calls": {"RHC": [1500001, 1500001, 1500001, 1500001, 1500001, 1500001], "SA": [1500001, 1500001, 1500001, 1500001, 1500001, 1500001], "MIMIC": [1500000, 1500000, 1500000, 1500000, 1500000, 1500000], "GA": [1502622, 1502591, 1502605, 1502650, 1502721, 1502582]}, "time": {"RHC": [0.10480003356933594, 0.1073000431060791, 0.14230003356933593, 0.17829999923706055, 0.20979998111724854, 0.2559000015258789], "SA": [0.236199951171875, 0.23089995384216308, 0.2568999767303467, 0.2858999490737915, 0.30979998111724855, 0.3514000177383423], "MIMIC": [1.2973999977111816, 1.9671000719070435, 3.562000012397766, 5.318700051307678, 7.431200003623962, 9.780299997329712], "GA": [0.4697999954223633, 0.4841000080108643, 0.5707000255584717, 0.6562000036239624, 0.7344000339508057, 0.7760999917984008]}}