{"scores": {"fourpeaks": [10.4, 75.0, 108.6, 142.6, 142.4, 152.0, 151.2], "flipflop": [57.4, 84.6, 89.6, 91.2, 93.4, 93.4, 94.6], "knapsack": [7408.05248024968, 29104.99983190947, 30184.433809934533, 31971.5582810476, 32344.916835847263, 32201.993643583497, 32108.20855706375]}, "calls": {"fourpeaks": [9100, 91484, 183028, 457405, 914855, 1372472, 2287448], "flipflop": [9105, 91487, 183022, 457438, 914871, 1372483, 2287296], "knapsack": [9097, 91490, 182999, 457481, 914844, 1372465, 2287269]}, "time": {"fourpeaks": [0.0043999671936035155, 0.044800090789794925, 0.08360004425048828, 0.23000006675720214, 0.49900002479553224, 0.8079999923706055, 1.487000036239624], "flipflop": [0.015799951553344727, 0.05560002326965332, 0.12539997100830078, 0.34780001640319824, 0.7389999389648437, 1.1067999839782714, 1.9984000205993653], "knapsack": [0.006600046157836914, 0.0435999870300293, 0.09040007591247559, 0.2501999855041504, 0.5746000289916993, 0.923199987411499, 1.7151999473571777]}}