{"scores": {"RHC": [2657.955805505654, 3626.926241129536, 7838.458742757376, 13059.029598335677, 15943.44553502163, 19388.370656202816], "SA": [2673.117863614277, 4542.568213576848, 8558.804911771553, 13273.523265802247, 16965.024512455922, 19327.745137285492], "MIMIC": [3363.949049944932, 6593.184374686047, 12706.851132755593, 21037.09632046204, 27697.263993131717, 32767.854944903997], "GA": [3357.37059831402, 6614.619796259576, 12740.531030073893, 21281.26766710076, 27805.553086154687, 32909.04524615011]}, "calls": {"RHC": [1500001, 1500001, 1500001, 1500001, 1500001, 1500001], "SA": [1500001, 1500001, 1500001, 1500001, 1500001, 1500001], "MIMIC": [1500000, 1500000, 1500000, 1500000, 1500000, 1500000], "GA": [1495325, 1495393, 1495376, 1495409, 1495426, 1495334]}, "time": {"RHC": [0.10520002841949463, 0.11349999904632568, 0.16470003128051758, 0.21490001678466797, 0.2650999784469604, 0.3317999839782715], "SA": [0.23229997158050536, 0.2446000337600708, 0.28580000400543215, 0.33680005073547364, 0.3810999870300293, 0.4352999448776245], "MIMIC": [1.2015999794006347, 1.9109999895095826, 3.5313000202178957, 5.297200036048889, 7.391200041770935, 9.684700012207031], "GA": [0.5882000684738159, 0.7521000146865845, 1.1536999940872192, 1.5772000551223755, 2.0211000204086305, 2.414899969100952]}}