{"scores": {"fourpeaks": [14.2, 93.2, 67.6, 97.0, 63.6, 88.2, 127.8], "flipflop": [65.0, 91.2, 88.4, 89.6, 93.0, 96.8, 98.0], "knapsack": [22128.56690418018, 32711.663993045204, 32025.061435520573, 33591.6510855436, 34217.2822503628, 34301.40418636084, 34339.63181403774]}, "calls": {"fourpeaks": [10000, 100000, 200000, 500000, 1000000, 1500000, 2500000], "flipflop": [10000, 100000, 200000, 500000, 1000000, 1500000, 2500000], "knapsack": [10000, 100000, 200000, 500000, 1000000, 1500000, 2500000]}, "time": {"fourpeaks": [2.2329999923706056, 3.0064000129699706, 4.004200029373169, 7.111800003051758, 12.127200031280518, 17.34680004119873, 27.742199993133546], "flipflop": [2.262000036239624, 3.0863999843597414, 3.9540000438690184, 7.011200046539306, 11.736199951171875, 16.917199993133544, 27.581400012969972], "knapsack": [2.1799999713897704, 2.9203999996185304, 3.7289999961853026, 6.536199951171875, 11.42779998779297, 16.686399936676025, 27.377200031280516]}}