{"scores": {"fourpeaks": [135.6, 117.8, 117.8, 153.4, 117.8, 100.0, 117.8, 100.0, 100.0, 117.8, 100.0, 117.8], "flipflop": [99.0, 99.0, 99.0, 99.0, 99.0, 99.0, 99.0, 99.0, 99.0, 99.0, 99.0, 99.0], "knapsack": [20645.04611435941, 21692.718835858825, 19382.126641534393, 20615.478530485412, 19212.032118619718, 21041.543277856556, 19226.94868621154, 19937.99298727365, 19257.676348166606, 19638.107707388226, 19884.628103490795, 19519.744217965046]}, "calls": {"fourpeaks": [1000001, 1000001, 1000001, 1000001, 1000001, 1000001, 1000001, 1000001, 1000001, 1000001, 1000001, 1000001], "flipflop": [1000001, 1000001, 1000001, 1000001, 1000001, 1000001, 1000001, 1000001, 1000001, 1000001, 1000001, 1000001], "knapsack": [1000001, 1000001, 1000001, 1000001, 1000001, 1000001, 1000001, 1000001, 1000001, 1000001, 1000001, 1000001]}, "time": {"fourpeaks": [0.23480000495910644, 0.23659992218017578, 0.22860002517700195, 0.22739996910095214, 0.22519998550415038, 0.22519998550415038, 0.22659997940063475, 0.22880001068115235, 0.2248000144958496, 0.2258000373840332, 0.225600004196167, 0.22599997520446777], "flipflop": [0.3336000919342041, 0.27699999809265136, 0.275, 0.2742000102996826, 0.27300004959106444, 0.2739999771118164, 0.27320003509521484, 0.27559995651245117, 0.27679991722106934, 0.274399995803833, 0.2746000289916992, 0.2739999771118164], "knapsack": [0.29400010108947755, 0.28799996376037595, 0.2875999927520752, 0.29179997444152833, 0.2931999683380127, 0.2932000160217285, 0.3020000457763672, 0.2967999935150146, 0.29219999313354494, 0.29019994735717775, 0.29199995994567873, 0.29699997901916503]}}